<?xml version="1.0" encoding="UTF-8"?>
<project-private xmlns="http://www.netbeans.org/ns/project-private/1">
    <editor-bookmarks xmlns="http://www.netbeans.org/ns/editor-bookmarks/2" lastBookmarkId="0"/>
    <open-files xmlns="http://www.netbeans.org/ns/projectui-open-files/2">
        <group>
            <file>file:/C:/GIT/dz3/T2_09_zadaca_3/src/hr/foi/uzdiz/t2_09/zadaca3/visitor/Content.java</file>
            <file>file:/C:/GIT/dz3/T2_09_zadaca_3/src/hr/foi/uzdiz/t2_09/zadaca3/iterator/Container.java</file>
            <file>file:/C:/GIT/dz3/T2_09_zadaca_3/src/hr/foi/uzdiz/t2_09/zadaca3/visitor/SizeConverter.java</file>
            <file>file:/C:/GIT/dz3/T2_09_zadaca_3/src/hr/foi/uzdiz/t2_09/zadaca3/iterator/FileRepository.java</file>
            <file>file:/C:/GIT/dz3/T2_09_zadaca_3/src/hr/foi/uzdiz/t2_09/zadaca3/layers/StructureWriteLevel.java</file>
            <file>file:/C:/GIT/dz3/T2_09_zadaca_3/src/hr/foi/uzdiz/t2_09/zadaca3/layers/VisitorLevel.java</file>
            <file>file:/C:/GIT/dz3/T2_09_zadaca_3/src/hr/foi/uzdiz/t2_09/zadaca3/visitor/ContentElementDoVisitor.java</file>
            <file>file:/C:/GIT/dz3/T2_09_zadaca_3/src/hr/foi/uzdiz/t2_09/zadaca3/visitor/FileSaver.java</file>
            <file>file:/C:/GIT/dz3/T2_09_zadaca_3/src/hr/foi/uzdiz/t2_09/zadaca3/visitor/ContentVisitor.java</file>
            <file>file:/C:/GIT/dz3/T2_09_zadaca_3/src/hr/foi/uzdiz/t2_09/zadaca3/visitor/ContentElement.java</file>
        </group>
    </open-files>
</project-private>
